               epoch,      train/box_loss,      train/obj_loss,      train/cls_loss,   metrics/precision,      metrics/recall,     metrics/mAP_0.5,metrics/mAP_0.5:0.95,        val/box_loss,        val/obj_loss,        val/cls_loss,               x/lr0,               x/lr1,               x/lr2
                   0,             0.11623,            0.022016,            0.099018,                   0,                   0,                   0,                   0,             0.11131,            0.016768,            0.096701,           0.0032704,           0.0032704,            0.070566
                   1,             0.11042,            0.023637,            0.097122,             0.27482,          0.00058687,          0.00021253,          4.8897e-05,             0.10969,            0.016653,              0.0962,            0.006582,            0.006582,            0.040544
                   2,             0.10861,             0.02264,            0.095928,                   0,                   0,                   0,                   0,             0.10866,            0.016524,            0.095471,           0.0098715,           0.0098715,              0.0105
                   3,             0.10662,             0.02375,            0.094875,                   0,                   0,                   0,                   0,             0.10821,            0.016191,            0.094828,            0.009901,            0.009901,            0.009901
                   4,             0.10397,            0.023321,            0.093208,            0.001718,            0.090732,           0.0022768,          0.00037826,             0.10324,            0.017235,            0.090898,            0.009901,            0.009901,            0.009901
                   5,             0.10035,            0.023598,            0.090212,             0.71086,            0.016363,           0.0023844,          0.00065727,            0.099543,            0.016715,            0.088542,            0.009868,            0.009868,            0.009868
                   6,             0.09627,            0.023711,            0.087784,              0.6294,            0.036943,           0.0033847,          0.00093296,            0.098665,            0.019357,            0.088214,            0.009835,            0.009835,            0.009835
                   7,            0.093309,            0.025157,            0.085797,             0.52543,            0.038551,           0.0075739,           0.0032113,            0.092408,            0.018842,             0.08492,            0.009802,            0.009802,            0.009802
                   8,            0.091095,            0.024801,            0.085795,              0.5281,            0.063246,           0.0074697,           0.0032337,             0.09178,            0.018739,             0.08354,            0.009769,            0.009769,            0.009769
                   9,            0.089724,            0.025598,            0.083943,             0.48593,            0.073255,           0.0082718,           0.0037743,            0.092688,            0.019128,             0.08449,            0.009736,            0.009736,            0.009736
                  10,              0.0883,            0.025263,            0.083607,             0.57197,             0.04194,           0.0082183,           0.0030361,            0.089851,            0.015945,            0.082547,            0.009703,            0.009703,            0.009703
                  11,            0.087692,            0.024866,             0.08235,             0.71281,            0.022573,           0.0084873,           0.0030038,            0.091476,            0.016421,            0.082454,             0.00967,             0.00967,             0.00967
                  12,            0.085266,            0.023841,            0.082249,              0.4897,            0.063944,            0.021535,             0.01123,             0.08819,             0.01597,            0.082101,            0.009637,            0.009637,            0.009637
                  13,            0.084273,            0.023983,            0.082119,             0.66021,            0.031168,           0.0065387,             0.00266,            0.086313,            0.017835,            0.081474,            0.009604,            0.009604,            0.009604
                  14,            0.082832,            0.024565,            0.081096,             0.53215,            0.039101,           0.0076856,            0.002956,            0.088373,            0.015638,            0.082991,            0.009571,            0.009571,            0.009571
                  15,             0.08045,            0.023344,            0.081865,             0.47174,            0.074233,            0.011232,           0.0054141,            0.084764,            0.015675,            0.080231,            0.009538,            0.009538,            0.009538
                  16,            0.082204,            0.024489,            0.081091,               0.479,            0.064293,            0.011747,            0.005598,            0.081931,            0.016351,             0.08013,            0.009505,            0.009505,            0.009505
                  17,            0.078972,            0.023359,            0.079895,             0.49275,            0.054812,           0.0098959,           0.0037084,            0.082875,            0.016364,            0.080309,            0.009472,            0.009472,            0.009472
                  18,            0.079026,            0.023777,            0.079527,              0.5117,            0.078919,            0.013945,           0.0062651,             0.08019,            0.016213,            0.079517,            0.009439,            0.009439,            0.009439
                  19,            0.078732,            0.024377,            0.078885,             0.55988,             0.04811,            0.012119,           0.0062482,            0.081123,            0.016008,            0.079362,            0.009406,            0.009406,            0.009406
                  20,             0.07774,            0.025012,            0.079507,             0.51382,            0.078258,            0.018714,           0.0095739,            0.076965,            0.015679,            0.079112,            0.009373,            0.009373,            0.009373
                  21,            0.074821,            0.023491,            0.079507,            0.042396,             0.24887,            0.024878,             0.01424,            0.081029,            0.015207,            0.079242,             0.00934,             0.00934,             0.00934
                  22,            0.076231,            0.023892,             0.07924,             0.47261,              0.1079,            0.020712,           0.0096638,            0.078002,            0.015367,            0.078772,            0.009307,            0.009307,            0.009307
                  23,            0.074391,            0.022908,             0.07808,             0.53304,            0.083621,            0.013949,           0.0067595,            0.079098,            0.017148,            0.078716,            0.009274,            0.009274,            0.009274
                  24,            0.075091,            0.023174,              0.0787,              0.5152,            0.065808,            0.016457,           0.0082075,             0.07799,            0.015799,             0.07876,            0.009241,            0.009241,            0.009241
                  25,            0.074651,            0.024131,            0.078589,             0.47217,              0.0878,            0.016622,           0.0086462,            0.076072,            0.015628,            0.078627,            0.009208,            0.009208,            0.009208
                  26,            0.074258,            0.023273,            0.077578,             0.50974,            0.091994,            0.014401,           0.0073882,            0.077944,            0.015952,            0.078416,            0.009175,            0.009175,            0.009175
                  27,            0.073193,            0.023405,            0.077562,             0.60445,            0.053991,            0.016075,           0.0076666,            0.075093,            0.015893,            0.078227,            0.009142,            0.009142,            0.009142
                  28,            0.073778,            0.023267,             0.07814,             0.49167,             0.10671,             0.01761,           0.0085659,            0.079166,            0.015648,            0.078646,            0.009109,            0.009109,            0.009109
                  29,            0.072344,            0.023798,            0.077994,             0.49299,            0.095114,             0.01863,           0.0091505,            0.074415,            0.015832,            0.078148,            0.009076,            0.009076,            0.009076
                  30,            0.071232,            0.023524,             0.07763,              0.4586,             0.12286,            0.020727,            0.010538,            0.074558,            0.015504,            0.078095,            0.009043,            0.009043,            0.009043
                  31,            0.071366,            0.022859,            0.077551,             0.51546,             0.08188,            0.018259,           0.0080578,            0.073848,            0.015766,            0.078526,             0.00901,             0.00901,             0.00901
                  32,            0.071713,            0.023264,            0.077763,             0.51733,             0.10655,            0.019273,            0.010309,            0.072001,            0.015478,            0.077942,            0.008977,            0.008977,            0.008977
                  33,            0.069991,            0.024092,            0.077407,              0.5773,            0.062684,            0.018918,           0.0096854,            0.071616,            0.015578,            0.078202,            0.008944,            0.008944,            0.008944
                  34,            0.069481,            0.023015,            0.076081,             0.47273,             0.11444,            0.018686,            0.009512,             0.07201,            0.015379,            0.077779,            0.008911,            0.008911,            0.008911
                  35,            0.070021,            0.022778,            0.076376,              0.4769,            0.086162,            0.023143,            0.012743,             0.07609,            0.015502,            0.078095,            0.008878,            0.008878,            0.008878
                  36,            0.069209,            0.023262,            0.076239,              0.5065,             0.08138,            0.022251,             0.01207,            0.071039,            0.015169,            0.077633,            0.008845,            0.008845,            0.008845
                  37,            0.068289,            0.022684,            0.076107,             0.50179,             0.10007,            0.019936,            0.010877,             0.07306,            0.016305,            0.077488,            0.008812,            0.008812,            0.008812
                  38,            0.068321,            0.022408,            0.076544,              0.5194,             0.07726,            0.019905,            0.011265,            0.071198,             0.01554,            0.077531,            0.008779,            0.008779,            0.008779
                  39,            0.067396,            0.022126,            0.076433,             0.61934,            0.050612,            0.020957,             0.01105,             0.07387,             0.01564,            0.077587,            0.008746,            0.008746,            0.008746
                  40,            0.069107,            0.022159,            0.076196,              0.6164,             0.05672,            0.024418,            0.012179,            0.070221,             0.01507,            0.077271,            0.008713,            0.008713,            0.008713
                  41,            0.066268,            0.021951,            0.076061,             0.55888,            0.057769,            0.019135,            0.010412,            0.073272,            0.015199,            0.077201,             0.00868,             0.00868,             0.00868
                  42,            0.066721,            0.023187,            0.075342,             0.49669,              0.1079,            0.024075,            0.012381,             0.06995,            0.014951,            0.077052,            0.008647,            0.008647,            0.008647
                  43,            0.066806,            0.022452,            0.075652,             0.37359,              0.1546,            0.044194,            0.015151,            0.070314,            0.015299,            0.077322,            0.008614,            0.008614,            0.008614
                  44,            0.067468,            0.024004,            0.076198,             0.66412,            0.066398,            0.023412,            0.013215,            0.070481,            0.015235,            0.077395,            0.008581,            0.008581,            0.008581
                  45,            0.066599,            0.022489,            0.075582,             0.48599,            0.095271,            0.025158,             0.01264,            0.071951,            0.015545,            0.077475,            0.008548,            0.008548,            0.008548
                  46,            0.067109,            0.023023,            0.074625,             0.62343,            0.071847,            0.027903,            0.014669,            0.069201,            0.014858,            0.076872,            0.008515,            0.008515,            0.008515
                  47,            0.065309,            0.022384,             0.07437,             0.43795,             0.10758,            0.020648,            0.011741,            0.070792,            0.015004,             0.07698,            0.008482,            0.008482,            0.008482
                  48,            0.065945,            0.023535,            0.075104,             0.46001,            0.089722,             0.02417,            0.012563,             0.07123,            0.015097,            0.076996,            0.008449,            0.008449,            0.008449
                  49,            0.067759,             0.02307,             0.07525,             0.43625,             0.11785,            0.026561,            0.015304,            0.068113,            0.014956,            0.076689,            0.008416,            0.008416,            0.008416
                  50,            0.066103,            0.021525,            0.075329,             0.50105,            0.087386,            0.031139,            0.017447,            0.068918,            0.015099,            0.076847,            0.008383,            0.008383,            0.008383
                  51,            0.064119,            0.021976,            0.075542,             0.39184,             0.14257,            0.025601,            0.014882,            0.069457,            0.014994,            0.076877,             0.00835,             0.00835,             0.00835
                  52,            0.064873,            0.022651,            0.073905,             0.44531,            0.092208,            0.028271,            0.015236,            0.069023,            0.014797,            0.077182,            0.008317,            0.008317,            0.008317
                  53,            0.064809,            0.022614,            0.074366,             0.45881,             0.11065,            0.024976,            0.014234,            0.070165,            0.015674,             0.07718,            0.008284,            0.008284,            0.008284
                  54,            0.064963,            0.023166,            0.074548,             0.51827,            0.084853,            0.027579,            0.015454,            0.068901,            0.014779,            0.076493,            0.008251,            0.008251,            0.008251
                  55,            0.065189,            0.021891,            0.073672,             0.41996,             0.10864,             0.02435,            0.012954,            0.067694,            0.015182,            0.076548,            0.008218,            0.008218,            0.008218
                  56,            0.064616,            0.023114,            0.072828,             0.39359,             0.13658,            0.026942,            0.013671,            0.069103,             0.01559,             0.07666,            0.008185,            0.008185,            0.008185
                  57,            0.063237,            0.021658,            0.073636,              0.5717,            0.053533,            0.027975,            0.014588,            0.067377,            0.014793,            0.076495,            0.008152,            0.008152,            0.008152
                  58,             0.06209,            0.021421,            0.072427,             0.34408,             0.13646,            0.032967,            0.016078,             0.06803,             0.01545,            0.076601,            0.008119,            0.008119,            0.008119
                  59,            0.063485,            0.022452,            0.073096,             0.42742,             0.11534,            0.033644,            0.013179,            0.068114,            0.015144,            0.076906,            0.008086,            0.008086,            0.008086
                  60,            0.063877,            0.023388,            0.073001,             0.41512,             0.10153,            0.025392,            0.010988,            0.067236,            0.015417,            0.076822,            0.008053,            0.008053,            0.008053
                  61,            0.062426,            0.022157,            0.073484,             0.43982,            0.078906,            0.024894,            0.013106,            0.067386,            0.014791,            0.076652,             0.00802,             0.00802,             0.00802
                  62,            0.060757,            0.021601,            0.073092,             0.63591,            0.054549,            0.027485,            0.014632,            0.066089,            0.015012,            0.076376,            0.007987,            0.007987,            0.007987
                  63,            0.061456,            0.021007,            0.072575,             0.53577,             0.10809,            0.040274,            0.017418,            0.066504,            0.015107,            0.076389,            0.007954,            0.007954,            0.007954
                  64,            0.062433,            0.021819,            0.071979,             0.52764,            0.075098,            0.025981,            0.014891,            0.070346,            0.015392,            0.076476,            0.007921,            0.007921,            0.007921
                  65,            0.060484,            0.021618,            0.072841,             0.55243,            0.061866,            0.030281,             0.01684,            0.067277,            0.014836,            0.075672,            0.007888,            0.007888,            0.007888
                  66,            0.061385,            0.020912,             0.07166,             0.63842,            0.047596,            0.031465,            0.016231,            0.066917,            0.014868,            0.075605,            0.007855,            0.007855,            0.007855
                  67,            0.062115,            0.020934,            0.072026,             0.31532,             0.16115,            0.031248,            0.015807,            0.066892,            0.014672,            0.076286,            0.007822,            0.007822,            0.007822
                  68,            0.061931,            0.022235,            0.071306,             0.29511,             0.20874,             0.03616,            0.018158,            0.067069,            0.014732,            0.075865,            0.007789,            0.007789,            0.007789
                  69,             0.06153,            0.021462,            0.072622,              0.6414,            0.053735,            0.034843,            0.019216,            0.065793,            0.015174,            0.075918,            0.007756,            0.007756,            0.007756
                  70,            0.060688,            0.021274,            0.071176,             0.57301,            0.076881,            0.031603,             0.01679,            0.067179,            0.015312,            0.075922,            0.007723,            0.007723,            0.007723
                  71,            0.060772,             0.02171,            0.071293,             0.41769,             0.12044,            0.029628,            0.014365,            0.067634,            0.015303,            0.076193,             0.00769,             0.00769,             0.00769
                  72,            0.061023,            0.021676,            0.070826,             0.44008,             0.11692,            0.031832,            0.016623,            0.066887,            0.014883,            0.075594,            0.007657,            0.007657,            0.007657
                  73,            0.060623,             0.02225,            0.070625,             0.46494,            0.088879,            0.029349,            0.015681,            0.066877,            0.015136,             0.07531,            0.007624,            0.007624,            0.007624
                  74,            0.060783,            0.021615,            0.070226,             0.50206,            0.081366,            0.030043,            0.015835,            0.066534,            0.015054,            0.075772,            0.007591,            0.007591,            0.007591
                  75,            0.059808,            0.021172,            0.070796,             0.50535,            0.073399,            0.030324,            0.017389,            0.067022,            0.015062,            0.075367,            0.007558,            0.007558,            0.007558
                  76,            0.059149,            0.020685,            0.070681,             0.38017,             0.13387,            0.034647,            0.019833,            0.065774,            0.014648,            0.075086,            0.007525,            0.007525,            0.007525
                  77,            0.059753,            0.020533,             0.07109,             0.49826,            0.077062,            0.037904,            0.020838,            0.067115,            0.014941,             0.07558,            0.007492,            0.007492,            0.007492
                  78,            0.060478,              0.0211,            0.070506,              0.3434,             0.13092,             0.03999,            0.022258,            0.066234,            0.014627,            0.075479,            0.007459,            0.007459,            0.007459
                  79,             0.05956,            0.021068,            0.070587,             0.59858,            0.073435,            0.041663,            0.021387,            0.066001,            0.015148,            0.075113,            0.007426,            0.007426,            0.007426
                  80,            0.060776,            0.021465,             0.07009,               0.531,            0.070574,            0.029474,            0.014389,            0.066752,            0.016537,            0.075459,            0.007393,            0.007393,            0.007393
                  81,             0.05925,            0.021322,            0.070375,             0.51253,            0.081804,            0.039836,            0.021602,            0.066473,            0.014895,            0.075397,             0.00736,             0.00736,             0.00736
                  82,            0.060247,            0.020853,            0.070143,              0.4671,             0.08337,            0.035537,            0.019967,            0.067078,            0.015017,            0.075809,            0.007327,            0.007327,            0.007327
                  83,            0.058904,            0.021603,            0.069497,             0.38322,             0.11345,            0.039069,            0.020766,            0.065167,            0.015004,            0.076063,            0.007294,            0.007294,            0.007294
                  84,            0.058771,            0.020958,            0.068353,             0.36812,             0.11949,             0.04242,            0.021252,            0.065024,            0.014961,            0.075061,            0.007261,            0.007261,            0.007261
                  85,             0.05967,            0.021028,            0.068394,             0.43562,             0.10233,            0.046167,            0.021146,            0.064997,            0.014981,            0.075511,            0.007228,            0.007228,            0.007228
                  86,            0.057513,            0.020689,            0.068898,             0.44446,             0.09469,            0.050069,            0.020252,            0.065941,            0.015294,            0.075122,            0.007195,            0.007195,            0.007195
                  87,            0.057807,             0.02049,            0.069278,             0.46387,             0.11019,            0.046363,             0.02372,            0.065629,            0.015215,             0.07495,            0.007162,            0.007162,            0.007162
                  88,            0.058946,            0.021223,            0.067976,             0.46615,             0.10681,            0.043739,            0.019382,            0.066018,            0.015161,             0.07571,            0.007129,            0.007129,            0.007129
                  89,            0.057208,             0.02059,            0.068121,             0.47871,            0.090439,            0.064709,            0.026579,            0.065794,             0.01495,             0.07505,            0.007096,            0.007096,            0.007096
                  90,            0.058304,            0.021585,            0.066897,             0.62587,            0.065513,            0.052331,            0.022865,             0.06493,            0.014951,            0.074978,            0.007063,            0.007063,            0.007063
                  91,            0.058006,            0.020529,            0.067332,             0.30024,             0.16288,            0.040511,            0.021895,            0.065157,            0.014706,            0.075186,             0.00703,             0.00703,             0.00703
                  92,             0.05764,            0.020782,            0.067409,             0.43537,             0.11015,            0.048454,            0.023414,            0.065166,             0.01532,            0.075096,            0.006997,            0.006997,            0.006997
                  93,            0.058714,            0.019778,            0.067434,             0.38827,             0.11045,            0.048229,            0.026046,            0.065731,            0.015417,             0.07514,            0.006964,            0.006964,            0.006964
                  94,            0.056765,            0.020577,            0.067042,              0.4183,              0.1129,            0.046512,            0.025016,            0.065149,            0.014675,            0.074477,            0.006931,            0.006931,            0.006931
                  95,            0.056644,            0.020613,            0.067746,             0.39415,             0.10579,            0.047974,            0.024282,            0.064867,            0.014703,            0.074423,            0.006898,            0.006898,            0.006898
                  96,            0.057543,            0.020724,            0.066962,             0.47764,              0.1077,            0.048733,            0.025836,            0.065806,            0.015185,            0.075047,            0.006865,            0.006865,            0.006865
                  97,             0.05786,            0.020752,            0.065445,             0.28803,             0.16943,            0.048637,            0.028656,            0.065337,            0.015736,            0.074666,            0.006832,            0.006832,            0.006832
                  98,            0.056552,            0.020919,            0.067028,             0.28945,             0.16599,            0.049219,            0.028053,            0.065049,             0.01453,             0.07469,            0.006799,            0.006799,            0.006799
                  99,            0.056948,             0.02067,            0.066063,             0.42981,            0.077517,            0.044424,            0.022412,            0.065873,            0.014896,            0.075054,            0.006766,            0.006766,            0.006766
                 100,            0.056986,            0.020011,            0.065606,             0.27115,              0.1529,            0.040659,            0.023956,            0.067429,            0.015576,            0.075369,            0.006733,            0.006733,            0.006733
                 101,            0.055528,            0.019903,            0.065801,             0.25366,             0.19029,            0.040898,            0.022371,            0.066563,            0.014737,            0.075522,              0.0067,              0.0067,              0.0067
                 102,             0.05721,            0.020066,            0.065009,             0.55286,            0.065619,             0.04765,            0.028778,            0.065267,            0.014339,            0.074857,            0.006667,            0.006667,            0.006667
                 103,            0.056272,            0.020115,             0.06471,             0.41347,             0.09946,            0.046469,            0.023146,            0.064813,            0.014844,            0.074792,            0.006634,            0.006634,            0.006634
                 104,            0.056289,             0.01937,             0.06483,             0.43888,            0.073819,            0.038238,            0.021175,            0.065677,            0.014613,            0.074945,            0.006601,            0.006601,            0.006601
                 105,            0.056828,            0.020347,            0.064283,             0.41329,            0.087154,             0.04733,            0.026093,            0.065375,            0.014552,            0.075246,            0.006568,            0.006568,            0.006568
                 106,             0.05577,            0.020544,            0.064371,             0.47433,             0.10358,            0.056511,             0.02933,            0.064745,            0.014915,            0.073938,            0.006535,            0.006535,            0.006535
                 107,            0.056653,            0.020466,            0.063635,             0.27576,             0.19336,            0.057509,            0.033857,            0.065288,            0.014632,            0.074328,            0.006502,            0.006502,            0.006502
                 108,            0.053888,            0.019778,            0.064332,             0.26313,             0.19851,            0.055393,            0.033607,             0.06512,            0.015128,            0.075499,            0.006469,            0.006469,            0.006469
                 109,            0.056858,            0.020036,            0.063505,             0.35855,              0.1276,            0.057973,            0.029752,            0.064843,             0.01493,            0.074868,            0.006436,            0.006436,            0.006436
                 110,            0.056016,            0.019065,            0.063783,             0.46974,            0.074911,             0.04715,            0.023245,             0.06457,            0.014875,            0.075924,            0.006403,            0.006403,            0.006403
                 111,            0.056891,            0.021224,            0.063677,             0.36714,            0.099352,            0.043285,            0.026011,            0.065941,            0.015029,            0.075381,             0.00637,             0.00637,             0.00637
                 112,            0.056086,            0.020846,            0.062644,             0.31614,             0.21341,            0.069237,            0.033987,            0.065239,            0.014515,            0.074705,            0.006337,            0.006337,            0.006337
                 113,            0.055009,             0.02014,            0.061958,             0.27745,             0.17474,            0.067454,            0.041863,            0.063638,            0.014516,            0.074558,            0.006304,            0.006304,            0.006304
                 114,            0.054265,            0.019756,            0.062856,             0.27663,              0.1755,            0.056759,            0.032107,            0.064138,            0.014976,             0.07446,            0.006271,            0.006271,            0.006271
                 115,            0.055272,            0.019706,            0.063252,             0.41989,            0.082998,             0.05329,            0.028976,            0.064025,            0.014757,            0.074573,            0.006238,            0.006238,            0.006238
                 116,            0.055288,            0.020058,            0.062932,             0.30327,             0.16281,            0.048623,             0.02836,            0.064221,            0.014755,            0.074711,            0.006205,            0.006205,            0.006205
                 117,            0.056066,             0.01901,            0.062357,             0.44408,            0.090728,            0.075979,            0.039365,            0.064245,            0.014614,            0.075438,            0.006172,            0.006172,            0.006172
                 118,            0.056615,            0.020118,            0.059939,             0.32347,              0.1668,            0.073155,             0.03298,            0.064054,            0.015292,            0.074877,            0.006139,            0.006139,            0.006139
                 119,            0.055083,             0.01917,            0.060766,             0.41082,            0.072453,            0.065913,            0.043317,            0.064863,            0.014614,            0.074696,            0.006106,            0.006106,            0.006106
                 120,            0.055126,            0.019816,            0.061157,             0.35815,             0.14035,            0.062191,            0.035414,            0.064647,            0.014665,            0.074663,            0.006073,            0.006073,            0.006073
                 121,            0.054425,            0.019378,            0.061691,              0.2675,             0.19868,             0.05581,            0.031949,            0.063925,            0.014543,             0.07426,             0.00604,             0.00604,             0.00604
                 122,            0.055526,            0.020159,            0.059562,             0.38508,             0.07188,             0.05204,            0.029312,            0.064796,            0.014868,            0.074831,            0.006007,            0.006007,            0.006007
                 123,            0.055009,            0.019088,            0.061512,              0.2746,             0.18148,            0.058297,            0.027949,            0.064186,            0.015092,            0.074336,            0.005974,            0.005974,            0.005974
                 124,            0.054557,            0.020143,            0.061603,             0.28572,             0.13868,            0.052742,            0.030166,            0.064815,            0.014779,            0.074984,            0.005941,            0.005941,            0.005941
                 125,            0.054087,            0.018787,            0.062292,             0.50373,            0.083136,            0.064548,            0.032747,            0.064427,            0.014848,            0.073312,            0.005908,            0.005908,            0.005908
                 126,            0.054368,            0.019158,            0.060892,             0.30942,             0.15301,            0.068741,            0.036072,            0.065713,            0.014706,            0.074716,            0.005875,            0.005875,            0.005875
                 127,             0.05375,            0.019546,            0.060927,             0.33831,             0.11617,            0.060752,            0.035714,            0.064237,            0.014748,            0.073922,            0.005842,            0.005842,            0.005842
                 128,            0.053519,            0.019524,            0.061035,             0.30493,             0.16072,            0.066795,            0.037385,            0.064698,            0.014926,             0.07416,            0.005809,            0.005809,            0.005809
                 129,             0.05312,            0.019275,            0.059359,             0.30868,             0.16641,            0.075725,            0.046967,            0.064648,             0.01477,            0.075566,            0.005776,            0.005776,            0.005776
                 130,            0.054328,            0.018488,            0.058696,             0.35669,             0.10216,            0.046489,            0.026076,            0.064651,            0.014798,            0.075272,            0.005743,            0.005743,            0.005743
                 131,            0.054263,            0.019113,            0.059352,             0.44954,            0.096536,             0.06909,            0.032097,            0.065544,            0.015063,            0.074998,             0.00571,             0.00571,             0.00571
                 132,             0.05328,            0.019469,            0.058699,             0.27133,             0.17852,             0.08062,             0.05332,            0.063741,             0.01501,            0.074411,            0.005677,            0.005677,            0.005677
                 133,            0.053732,             0.01945,            0.057539,             0.50721,            0.080059,            0.087929,            0.041687,            0.064262,            0.015001,            0.074128,            0.005644,            0.005644,            0.005644
                 134,             0.05334,             0.01936,            0.058878,             0.32183,             0.14462,            0.071762,            0.041229,            0.064696,            0.015024,            0.074515,            0.005611,            0.005611,            0.005611
                 135,            0.054318,            0.019167,            0.057469,             0.45786,             0.10226,            0.055358,            0.027349,            0.064576,            0.014897,            0.074246,            0.005578,            0.005578,            0.005578
                 136,            0.053646,            0.018731,            0.056101,             0.40872,             0.10366,            0.061402,             0.03107,            0.065411,            0.015022,            0.075609,            0.005545,            0.005545,            0.005545
                 137,            0.052517,            0.019572,            0.058013,             0.32849,             0.14868,            0.070747,            0.038854,            0.064776,            0.015271,            0.075818,            0.005512,            0.005512,            0.005512
                 138,            0.054965,            0.019492,            0.056907,             0.33924,             0.12639,             0.05132,            0.029528,            0.064243,            0.014991,            0.074767,            0.005479,            0.005479,            0.005479
                 139,            0.053559,            0.018955,            0.058142,             0.43431,            0.096155,            0.079737,            0.035232,             0.06456,            0.015203,             0.07576,            0.005446,            0.005446,            0.005446
                 140,            0.053884,            0.019245,            0.056466,             0.29033,             0.13178,             0.06389,            0.036803,            0.064648,            0.014753,            0.075441,            0.005413,            0.005413,            0.005413
                 141,            0.053382,            0.018902,            0.056299,             0.33449,             0.11794,            0.072135,            0.044516,            0.064652,            0.015277,            0.075659,             0.00538,             0.00538,             0.00538
                 142,            0.053076,            0.018993,            0.056527,             0.48826,            0.069339,            0.067731,            0.044389,             0.06425,            0.015291,            0.074819,            0.005347,            0.005347,            0.005347
                 143,             0.05423,            0.019665,            0.055105,             0.41035,             0.10951,            0.075176,            0.045333,            0.064344,            0.014726,             0.07719,            0.005314,            0.005314,            0.005314
                 144,            0.053202,            0.019066,            0.055523,             0.28396,             0.16273,            0.064897,            0.039239,            0.064428,            0.014831,             0.07531,            0.005281,            0.005281,            0.005281
                 145,            0.053016,            0.019732,            0.055484,             0.27419,             0.15137,            0.067978,            0.042463,            0.064118,            0.014941,             0.07402,            0.005248,            0.005248,            0.005248
                 146,            0.053022,            0.019365,            0.056045,              0.2807,             0.17349,            0.082094,            0.052374,             0.06422,            0.015076,            0.075148,            0.005215,            0.005215,            0.005215
                 147,            0.053562,             0.01831,            0.055049,             0.28615,             0.15381,            0.069973,            0.038657,            0.064229,            0.015051,             0.07491,            0.005182,            0.005182,            0.005182
                 148,            0.053659,            0.019331,            0.053987,             0.26996,             0.15385,            0.069117,            0.040721,            0.064941,            0.014714,            0.073383,            0.005149,            0.005149,            0.005149
                 149,             0.05248,            0.018148,            0.054565,             0.46634,            0.092035,            0.086849,             0.04459,            0.064217,            0.014779,            0.075226,            0.005116,            0.005116,            0.005116
                 150,            0.051656,            0.018192,            0.054914,             0.37787,             0.12829,             0.07886,            0.039577,            0.064982,            0.014704,            0.075241,            0.005083,            0.005083,            0.005083
                 151,             0.05108,            0.018933,             0.05471,              0.3071,             0.13279,            0.062529,            0.036962,            0.064449,            0.015095,            0.075406,             0.00505,             0.00505,             0.00505
                 152,            0.052325,            0.018548,            0.053566,             0.26328,             0.12269,            0.064298,            0.038812,            0.065664,            0.014992,            0.075388,            0.005017,            0.005017,            0.005017
                 153,            0.050844,            0.018677,            0.053967,              0.3714,             0.10461,            0.066989,            0.036327,            0.065033,            0.014823,            0.075246,            0.004984,            0.004984,            0.004984
                 154,            0.053078,            0.019349,            0.053578,             0.27399,             0.15641,            0.071847,            0.039628,             0.06509,            0.014903,            0.075696,            0.004951,            0.004951,            0.004951
                 155,            0.051074,            0.019051,             0.05342,             0.39018,             0.08509,            0.075178,            0.043423,            0.064374,            0.015196,            0.075623,            0.004918,            0.004918,            0.004918
                 156,            0.051369,            0.018421,            0.052632,             0.33099,             0.14218,            0.069763,            0.036418,            0.064426,            0.015242,            0.076975,            0.004885,            0.004885,            0.004885
                 157,            0.053302,             0.01944,             0.05138,              0.4584,            0.078132,            0.066373,            0.037737,            0.065264,            0.014914,            0.078153,            0.004852,            0.004852,            0.004852
                 158,            0.050557,            0.017361,            0.053162,             0.47112,            0.087051,            0.071219,            0.040077,            0.063894,            0.015192,            0.076056,            0.004819,            0.004819,            0.004819
                 159,            0.049802,            0.017714,            0.052468,             0.30607,             0.14497,            0.071048,            0.041569,            0.064199,            0.015024,            0.075631,            0.004786,            0.004786,            0.004786
                 160,            0.050709,            0.018292,            0.053064,             0.32816,             0.11487,            0.079116,            0.048275,            0.064435,            0.015036,            0.075742,            0.004753,            0.004753,            0.004753
                 161,            0.051367,               0.018,            0.051678,              0.3506,             0.12981,            0.065592,            0.036229,            0.064777,            0.015135,            0.077099,             0.00472,             0.00472,             0.00472
                 162,             0.05181,            0.018138,            0.051745,              0.2639,             0.16296,             0.06638,            0.035916,            0.064235,            0.014957,            0.076906,            0.004687,            0.004687,            0.004687
                 163,            0.051297,            0.018087,            0.050962,             0.33985,             0.13349,            0.088538,            0.039715,            0.064457,            0.014835,            0.076857,            0.004654,            0.004654,            0.004654
                 164,            0.051818,            0.018563,            0.049504,             0.52155,            0.078633,            0.084245,            0.043433,            0.064141,            0.015308,            0.077015,            0.004621,            0.004621,            0.004621
                 165,            0.052033,            0.018632,            0.050376,             0.52435,             0.07831,            0.067381,            0.034987,            0.064204,            0.015144,            0.076454,            0.004588,            0.004588,            0.004588
                 166,            0.052561,            0.018532,            0.049088,             0.32739,             0.13442,            0.075028,            0.037911,            0.063668,             0.01533,             0.07735,            0.004555,            0.004555,            0.004555
                 167,            0.050486,            0.017888,            0.050194,             0.37885,             0.12306,            0.066759,            0.040709,            0.064546,            0.014785,            0.076523,            0.004522,            0.004522,            0.004522
                 168,            0.052092,            0.018661,            0.049492,             0.34903,             0.13017,            0.068911,            0.039272,            0.064398,            0.014936,            0.078656,            0.004489,            0.004489,            0.004489
                 169,            0.051476,            0.018491,            0.049938,             0.37862,            0.088504,              0.0741,            0.036069,            0.064892,            0.015261,            0.077957,            0.004456,            0.004456,            0.004456
                 170,            0.051966,            0.018426,            0.048313,              0.4481,            0.087245,            0.080218,            0.045786,            0.063904,             0.01535,            0.076868,            0.004423,            0.004423,            0.004423
                 171,            0.051462,            0.018622,            0.048303,             0.31441,             0.13008,             0.06744,            0.041241,             0.06439,            0.015142,            0.078172,             0.00439,             0.00439,             0.00439
                 172,            0.049693,            0.017808,            0.049783,             0.35793,             0.11264,            0.064354,            0.036444,            0.065231,            0.014966,            0.077432,            0.004357,            0.004357,            0.004357
                 173,            0.052211,            0.017619,            0.049029,             0.34797,             0.12502,            0.081245,            0.038194,            0.064039,            0.015091,            0.076727,            0.004324,            0.004324,            0.004324
                 174,             0.04927,              0.0175,            0.048288,              0.3213,             0.14782,            0.079812,            0.036287,            0.063967,            0.014961,            0.077772,            0.004291,            0.004291,            0.004291
                 175,            0.051173,            0.018106,            0.046599,             0.35284,             0.12422,            0.064792,            0.035146,            0.064502,            0.014993,            0.077347,            0.004258,            0.004258,            0.004258
                 176,            0.050177,            0.017656,            0.048219,             0.56345,            0.078288,            0.086305,            0.041223,            0.064705,            0.015008,            0.076569,            0.004225,            0.004225,            0.004225
                 177,             0.05033,            0.017805,            0.047839,             0.60332,            0.070411,            0.070868,            0.043526,            0.064588,            0.015152,            0.077873,            0.004192,            0.004192,            0.004192
                 178,            0.050102,            0.018509,            0.048799,             0.42904,            0.098235,            0.061948,            0.032793,            0.064894,            0.015152,            0.077799,            0.004159,            0.004159,            0.004159
                 179,            0.050442,            0.017879,            0.047574,             0.37683,             0.12253,            0.076292,            0.040441,            0.063913,            0.015272,            0.077664,            0.004126,            0.004126,            0.004126
                 180,            0.050717,            0.017345,            0.046065,             0.47541,            0.092435,            0.063441,            0.032151,            0.064693,            0.015088,            0.077811,            0.004093,            0.004093,            0.004093
                 181,            0.049079,            0.017031,            0.046013,             0.30729,             0.10664,            0.056451,            0.031329,            0.063955,             0.01523,            0.077509,             0.00406,             0.00406,             0.00406
                 182,            0.050984,            0.017689,            0.045512,             0.34813,             0.10925,            0.068909,            0.033985,            0.064545,            0.015352,            0.078926,            0.004027,            0.004027,            0.004027
                 183,            0.050966,            0.018248,            0.044371,             0.33748,             0.11394,            0.081331,            0.044861,            0.064243,            0.015083,             0.07724,            0.003994,            0.003994,            0.003994
                 184,            0.051433,            0.017991,            0.046199,             0.37154,             0.11085,            0.062838,            0.034792,            0.065028,            0.014811,            0.078694,            0.003961,            0.003961,            0.003961
                 185,            0.050455,            0.017421,            0.045617,             0.39282,            0.098973,            0.063267,            0.035884,            0.064353,            0.014873,            0.079458,            0.003928,            0.003928,            0.003928
                 186,            0.050263,            0.018148,            0.045661,             0.48665,            0.086143,            0.070539,            0.035643,            0.064018,            0.014981,            0.078531,            0.003895,            0.003895,            0.003895
                 187,            0.050061,            0.017986,             0.04742,              0.2789,              0.1465,            0.073376,            0.039902,            0.064154,             0.01511,            0.078024,            0.003862,            0.003862,            0.003862
                 188,            0.049348,            0.018047,            0.046608,             0.36768,             0.11961,            0.083372,            0.042018,            0.064146,            0.015352,            0.076879,            0.003829,            0.003829,            0.003829
                 189,            0.050682,            0.017897,            0.044096,             0.40936,             0.10874,            0.077882,            0.038273,             0.06383,            0.015199,            0.078849,            0.003796,            0.003796,            0.003796
                 190,            0.049799,            0.017659,            0.043982,             0.38503,             0.11694,            0.074256,            0.041481,             0.06391,            0.014978,             0.07801,            0.003763,            0.003763,            0.003763
                 191,            0.049135,            0.016978,            0.042763,             0.33608,             0.11728,            0.070246,            0.038047,            0.064168,            0.015096,            0.079417,             0.00373,             0.00373,             0.00373
                 192,            0.049535,            0.017072,             0.04363,             0.36813,             0.12437,            0.074307,              0.0405,            0.063853,            0.015094,            0.078625,            0.003697,            0.003697,            0.003697
                 193,            0.049268,            0.017582,            0.044261,             0.33845,             0.11062,            0.060231,            0.034217,            0.063795,             0.01524,            0.079875,            0.003664,            0.003664,            0.003664
                 194,             0.04949,            0.017131,            0.043595,             0.38966,             0.13728,            0.072891,            0.040297,            0.064229,            0.015163,            0.077987,            0.003631,            0.003631,            0.003631
                 195,            0.049953,            0.017876,            0.042888,             0.33823,             0.11751,            0.074809,             0.03831,            0.064366,             0.01533,            0.079396,            0.003598,            0.003598,            0.003598
                 196,            0.051317,            0.017279,            0.041863,             0.33605,             0.11681,            0.074133,            0.039377,            0.064296,            0.015388,            0.079576,            0.003565,            0.003565,            0.003565
                 197,            0.049104,            0.016946,            0.044929,             0.36225,             0.11036,            0.066831,             0.04108,             0.06389,             0.01541,            0.079888,            0.003532,            0.003532,            0.003532
                 198,            0.048291,            0.017106,            0.042356,             0.35036,             0.11681,            0.070938,            0.039541,             0.06393,            0.015482,            0.080763,            0.003499,            0.003499,            0.003499
                 199,            0.048692,            0.016659,            0.043304,             0.33661,             0.14435,             0.08357,            0.044719,            0.063402,            0.015129,            0.079514,            0.003466,            0.003466,            0.003466
                 200,            0.049932,            0.016629,            0.042375,             0.33643,             0.11118,            0.075668,              0.0434,             0.06428,            0.015176,            0.079729,            0.003433,            0.003433,            0.003433
                 201,            0.048327,             0.01708,            0.042302,             0.36378,             0.10625,            0.069421,            0.039193,            0.063627,            0.015153,            0.079637,              0.0034,              0.0034,              0.0034
                 202,            0.048843,            0.017144,            0.041548,              0.3389,             0.11105,            0.074731,            0.040861,            0.064332,            0.014965,            0.079576,            0.003367,            0.003367,            0.003367
                 203,            0.049885,            0.017707,            0.041186,             0.28012,              0.1483,            0.081199,            0.044921,            0.063636,            0.015373,            0.081075,            0.003334,            0.003334,            0.003334
                 204,            0.048036,            0.016572,            0.041213,             0.33885,             0.10517,            0.080003,            0.042457,            0.063962,            0.015132,            0.080522,            0.003301,            0.003301,            0.003301
                 205,             0.04905,            0.016817,            0.041278,             0.45494,             0.10784,            0.077413,            0.041382,             0.06392,             0.01513,            0.079929,            0.003268,            0.003268,            0.003268
                 206,            0.048505,            0.017548,            0.040662,             0.30011,             0.10419,            0.067695,            0.037275,            0.064293,             0.01521,            0.081946,            0.003235,            0.003235,            0.003235
                 207,            0.049013,            0.017509,            0.041645,             0.36891,             0.11996,            0.067554,            0.037075,            0.063923,            0.015043,            0.081695,            0.003202,            0.003202,            0.003202
                 208,            0.047961,            0.017209,            0.041089,             0.34502,             0.12051,            0.071709,            0.037038,            0.064186,            0.015033,            0.081573,            0.003169,            0.003169,            0.003169
                 209,            0.048923,            0.016869,            0.040247,              0.4768,            0.093674,            0.064403,            0.036334,            0.064375,             0.01525,            0.081903,            0.003136,            0.003136,            0.003136
                 210,             0.04789,            0.016936,            0.040144,             0.32735,             0.11894,             0.07283,            0.040127,            0.063305,            0.015125,            0.081779,            0.003103,            0.003103,            0.003103
                 211,            0.047921,            0.017699,            0.039898,             0.44935,            0.099769,            0.075588,            0.041213,            0.063975,            0.015095,            0.081291,             0.00307,             0.00307,             0.00307
                 212,            0.048246,            0.017313,            0.039554,             0.41259,            0.091438,             0.07189,            0.042072,             0.06409,            0.015195,            0.082063,            0.003037,            0.003037,            0.003037
                 213,            0.048629,            0.016946,            0.039807,             0.51265,            0.090443,            0.075665,            0.043555,            0.064101,             0.01536,            0.081606,            0.003004,            0.003004,            0.003004
                 214,            0.047551,            0.016612,            0.039351,             0.29677,             0.14437,            0.077535,            0.044288,            0.064157,            0.015003,            0.080686,            0.002971,            0.002971,            0.002971
                 215,            0.048369,            0.016549,            0.039066,             0.31876,              0.1314,            0.082356,            0.045049,            0.063821,            0.015096,            0.081517,            0.002938,            0.002938,            0.002938
                 216,            0.049479,            0.016995,            0.037672,             0.38141,             0.11156,            0.074796,            0.040883,            0.063821,            0.015318,            0.081094,            0.002905,            0.002905,            0.002905
                 217,            0.046788,             0.01666,            0.038696,              0.4369,             0.09777,            0.084131,            0.045891,            0.063781,            0.015118,            0.081589,            0.002872,            0.002872,            0.002872
                 218,            0.047485,            0.017344,            0.037063,             0.33698,             0.12796,            0.084701,            0.044208,            0.063926,            0.015107,            0.082848,            0.002839,            0.002839,            0.002839
                 219,            0.048074,            0.016773,            0.037414,             0.43872,             0.11087,            0.094224,            0.047941,            0.063568,            0.015062,            0.081784,            0.002806,            0.002806,            0.002806
                 220,            0.047138,            0.015959,            0.037171,             0.33227,             0.12613,             0.07676,             0.04229,            0.063869,            0.015005,            0.080398,            0.002773,            0.002773,            0.002773
                 221,            0.046895,            0.016801,            0.036379,             0.31617,             0.13029,            0.076622,            0.043776,            0.063436,            0.015179,            0.081143,             0.00274,             0.00274,             0.00274
                 222,            0.047495,            0.017325,            0.037944,             0.28375,             0.13332,            0.088957,            0.049808,            0.063494,             0.01494,            0.082917,            0.002707,            0.002707,            0.002707
                 223,            0.047381,            0.017059,            0.037915,             0.41384,            0.090736,            0.089442,            0.046579,            0.063833,            0.015131,            0.082814,            0.002674,            0.002674,            0.002674
                 224,            0.047358,            0.016728,            0.036698,              0.3489,             0.11699,            0.081346,            0.040415,            0.063474,            0.015264,            0.082974,            0.002641,            0.002641,            0.002641
                 225,            0.048027,            0.017257,            0.035123,             0.40859,             0.12754,             0.10024,            0.053354,             0.06386,            0.015147,            0.082403,            0.002608,            0.002608,            0.002608
                 226,            0.048294,            0.016719,             0.03647,             0.42682,            0.087161,            0.075896,            0.044876,            0.063768,            0.015134,            0.082267,            0.002575,            0.002575,            0.002575
                 227,            0.047107,            0.017363,            0.035096,             0.33281,             0.10213,             0.07097,               0.039,            0.063926,             0.01525,            0.083296,            0.002542,            0.002542,            0.002542
                 228,            0.047198,            0.016283,              0.0358,             0.49065,             0.09229,             0.10201,            0.051015,            0.063906,            0.015174,            0.082937,            0.002509,            0.002509,            0.002509
                 229,            0.048611,            0.016694,            0.034805,             0.34741,             0.12872,            0.096561,            0.050301,            0.063925,            0.015082,            0.082159,            0.002476,            0.002476,            0.002476
                 230,            0.048153,            0.017802,            0.035685,             0.47917,             0.09121,            0.094854,            0.052068,            0.064167,            0.014901,            0.081658,            0.002443,            0.002443,            0.002443
                 231,            0.046905,            0.016165,            0.037331,             0.40058,             0.10437,            0.092852,            0.055166,            0.063753,             0.01531,            0.081164,             0.00241,             0.00241,             0.00241
                 232,            0.046551,            0.016664,            0.035392,             0.42454,            0.099928,            0.092045,            0.041679,            0.063077,            0.015321,            0.082819,            0.002377,            0.002377,            0.002377
                 233,            0.046637,            0.016125,            0.035057,             0.32575,             0.12213,            0.079527,            0.043059,            0.064132,            0.015025,            0.082286,            0.002344,            0.002344,            0.002344
                 234,            0.047012,            0.016425,            0.035303,             0.29028,             0.12507,            0.073991,            0.042556,            0.064336,            0.014934,             0.08274,            0.002311,            0.002311,            0.002311
                 235,             0.04739,            0.016258,            0.035469,             0.44194,             0.11057,            0.094297,            0.049319,            0.064174,            0.015016,            0.082931,            0.002278,            0.002278,            0.002278
                 236,            0.047746,            0.016304,            0.035198,             0.44625,             0.10144,            0.094755,            0.053148,            0.064031,            0.015135,            0.082975,            0.002245,            0.002245,            0.002245
                 237,            0.046294,            0.015935,            0.034438,             0.43684,             0.10837,            0.082221,            0.048015,            0.063903,            0.015205,            0.083256,            0.002212,            0.002212,            0.002212
                 238,            0.045942,            0.015885,            0.034646,             0.39636,             0.12353,            0.082323,            0.045137,             0.06441,            0.015156,            0.083891,            0.002179,            0.002179,            0.002179
                 239,            0.048308,            0.016616,            0.034891,             0.41169,             0.11062,            0.079971,            0.047044,            0.064227,            0.015166,            0.082225,            0.002146,            0.002146,            0.002146
                 240,            0.045893,            0.016765,            0.033724,             0.40698,             0.11626,             0.08972,            0.049474,            0.064069,            0.015086,            0.082248,            0.002113,            0.002113,            0.002113
                 241,            0.045302,            0.015409,            0.033244,             0.42282,             0.10278,            0.079067,            0.047492,            0.063998,            0.015377,            0.082894,             0.00208,             0.00208,             0.00208
                 242,            0.044529,            0.015274,             0.03281,             0.43803,             0.12283,            0.098215,             0.05737,            0.063871,            0.015214,            0.083494,            0.002047,            0.002047,            0.002047
                 243,            0.047505,            0.016014,            0.033087,             0.31391,             0.13754,            0.081422,            0.051099,            0.063679,             0.01523,            0.083364,            0.002014,            0.002014,            0.002014
                 244,            0.046277,            0.016232,             0.03164,             0.33301,             0.14199,            0.076023,            0.047376,            0.064103,            0.015298,            0.083424,            0.001981,            0.001981,            0.001981
                 245,             0.04655,            0.015749,            0.032851,             0.27596,             0.16621,            0.068746,            0.040481,            0.064143,            0.015298,            0.084808,            0.001948,            0.001948,            0.001948
                 246,            0.045652,            0.015742,            0.031819,             0.30161,             0.14237,            0.071607,            0.040623,            0.064355,            0.015386,            0.083819,            0.001915,            0.001915,            0.001915
                 247,            0.045695,            0.016208,            0.031853,             0.27494,             0.15581,            0.079248,            0.046432,            0.063959,            0.015314,            0.083415,            0.001882,            0.001882,            0.001882
                 248,            0.046318,            0.015361,            0.031578,             0.49299,            0.088309,            0.078144,            0.046953,            0.064081,             0.01524,            0.084079,            0.001849,            0.001849,            0.001849
                 249,            0.045514,            0.015396,            0.032394,             0.32295,             0.13153,            0.075579,            0.044207,            0.064263,            0.015372,            0.083661,            0.001816,            0.001816,            0.001816
                 250,            0.046354,            0.016287,            0.031708,              0.2583,              0.1359,            0.071114,            0.041535,             0.06408,             0.01537,            0.083919,            0.001783,            0.001783,            0.001783
                 251,            0.044291,             0.01576,            0.031788,             0.23059,             0.13946,            0.073125,            0.042816,            0.064065,            0.015397,            0.084541,             0.00175,             0.00175,             0.00175
                 252,            0.044185,            0.015496,            0.030902,             0.33254,             0.14921,            0.086697,            0.051495,            0.063895,            0.015424,            0.084756,            0.001717,            0.001717,            0.001717
                 253,            0.045904,             0.01563,            0.031932,             0.49132,            0.090664,            0.093368,            0.055826,            0.063894,            0.015361,            0.084828,            0.001684,            0.001684,            0.001684
                 254,            0.043985,            0.015651,            0.030853,              0.4249,              0.1009,            0.084823,            0.048709,            0.063754,            0.015206,            0.085021,            0.001651,            0.001651,            0.001651
                 255,             0.04512,             0.01566,             0.02943,             0.31142,             0.13046,             0.08309,            0.048911,            0.063882,            0.015193,            0.085187,            0.001618,            0.001618,            0.001618
                 256,            0.045774,            0.015696,            0.031122,             0.42914,             0.11974,            0.076088,            0.047493,            0.063921,            0.015292,            0.084502,            0.001585,            0.001585,            0.001585
                 257,            0.046337,            0.015888,            0.030468,             0.43213,             0.11978,            0.099722,            0.060115,            0.064045,            0.015246,            0.084724,            0.001552,            0.001552,            0.001552
                 258,            0.044665,            0.015925,            0.031271,             0.48327,             0.11199,            0.092674,            0.058371,             0.06385,            0.015246,            0.084732,            0.001519,            0.001519,            0.001519
                 259,            0.044845,            0.016169,            0.030021,             0.40462,             0.11739,            0.098912,            0.060778,            0.063916,            0.015284,            0.084236,            0.001486,            0.001486,            0.001486
                 260,            0.044598,            0.015095,            0.030045,             0.42818,             0.12125,             0.09647,            0.056151,             0.06356,            0.015387,            0.085272,            0.001453,            0.001453,            0.001453
                 261,            0.045109,            0.015568,            0.031096,             0.40569,             0.12812,            0.084949,            0.048516,             0.06385,             0.01541,            0.085954,             0.00142,             0.00142,             0.00142
                 262,            0.045447,            0.015851,            0.030675,             0.53637,            0.070745,            0.079322,            0.047776,            0.063943,            0.015427,             0.08594,            0.001387,            0.001387,            0.001387
                 263,            0.045408,            0.016048,            0.029346,             0.42323,            0.098409,            0.081956,            0.049455,            0.063983,            0.015433,             0.08488,            0.001354,            0.001354,            0.001354
                 264,             0.04444,            0.015799,            0.029206,             0.43234,            0.095416,            0.083317,            0.050437,            0.063845,            0.015351,            0.085678,            0.001321,            0.001321,            0.001321
                 265,            0.044544,            0.015289,            0.029999,             0.33743,             0.12424,            0.082336,            0.051098,            0.063944,            0.015485,            0.085757,            0.001288,            0.001288,            0.001288
                 266,            0.043569,            0.015021,            0.028831,              0.4952,             0.07479,            0.087371,            0.053788,            0.063808,            0.015391,            0.085959,            0.001255,            0.001255,            0.001255
                 267,            0.044519,            0.016386,            0.029657,             0.33366,             0.12836,             0.10041,            0.061465,            0.064076,            0.015274,            0.085976,            0.001222,            0.001222,            0.001222
                 268,            0.043685,            0.015086,            0.028844,             0.49691,            0.068257,            0.082216,             0.05066,            0.063851,             0.01531,            0.085168,            0.001189,            0.001189,            0.001189
                 269,            0.045153,            0.015337,            0.028715,             0.35926,             0.13167,            0.080438,            0.048157,            0.063748,            0.015272,            0.085271,            0.001156,            0.001156,            0.001156
                 270,            0.044312,            0.015347,             0.02812,             0.34154,             0.12852,            0.085146,            0.052421,            0.064136,            0.015479,            0.085651,            0.001123,            0.001123,            0.001123
                 271,             0.04288,            0.014924,            0.028269,             0.35902,             0.11062,            0.083791,            0.051587,            0.064333,            0.015367,            0.085918,             0.00109,             0.00109,             0.00109
                 272,            0.043937,            0.014882,            0.028808,             0.41958,              0.1165,            0.089391,             0.05575,            0.064533,            0.015295,            0.086869,            0.001057,            0.001057,            0.001057
                 273,            0.043437,            0.015164,            0.028402,             0.28408,              0.1469,            0.087544,             0.05569,            0.064117,            0.015328,            0.086656,            0.001024,            0.001024,            0.001024
                 274,            0.042769,            0.014188,            0.027125,             0.36333,             0.10393,            0.085364,            0.052623,            0.063945,            0.015328,            0.086435,            0.000991,            0.000991,            0.000991
                 275,            0.044076,             0.01568,            0.027995,             0.41094,            0.092504,            0.080897,            0.049049,            0.063947,            0.015327,            0.086537,            0.000958,            0.000958,            0.000958
                 276,            0.042776,            0.015184,             0.02715,             0.25999,             0.13926,            0.086298,            0.054517,            0.063922,            0.015468,            0.086736,            0.000925,            0.000925,            0.000925
                 277,            0.043441,            0.016049,            0.028491,             0.57287,            0.059672,             0.08156,            0.053879,             0.06391,            0.015486,            0.086547,            0.000892,            0.000892,            0.000892
                 278,            0.043296,            0.016114,            0.026998,             0.54164,            0.063589,            0.078916,            0.050796,            0.063824,            0.015452,            0.086032,            0.000859,            0.000859,            0.000859
                 279,            0.044519,            0.016307,            0.026579,             0.34161,             0.10342,            0.085592,            0.052256,            0.063848,             0.01546,            0.086117,            0.000826,            0.000826,            0.000826
                 280,            0.042994,            0.015933,            0.027492,             0.31131,             0.13502,            0.096996,             0.06117,            0.064041,            0.015446,            0.085381,            0.000793,            0.000793,            0.000793
                 281,            0.042723,            0.015529,            0.026772,             0.32944,             0.13102,            0.083629,            0.049457,            0.064259,            0.015491,            0.085811,             0.00076,             0.00076,             0.00076
                 282,            0.042829,            0.015273,            0.027463,             0.48337,            0.065615,            0.096487,            0.059128,            0.064127,            0.015552,            0.087239,            0.000727,            0.000727,            0.000727
                 283,            0.042385,            0.015272,            0.026899,             0.52315,            0.062355,            0.096111,            0.058545,            0.063807,            0.015568,            0.087509,            0.000694,            0.000694,            0.000694
                 284,            0.042776,            0.014801,            0.026708,             0.27884,             0.13542,            0.096859,            0.058949,            0.063638,            0.015606,            0.087081,            0.000661,            0.000661,            0.000661
                 285,            0.041815,            0.015129,            0.026516,             0.27827,             0.12258,            0.096252,             0.05952,            0.063544,            0.015539,            0.087577,            0.000628,            0.000628,            0.000628
                 286,            0.043823,             0.01522,            0.027363,             0.30658,             0.11808,            0.083078,            0.050863,            0.063634,            0.015484,            0.086985,            0.000595,            0.000595,            0.000595
                 287,            0.042858,            0.014965,            0.026863,              0.2742,             0.14483,            0.077192,            0.046403,            0.063936,            0.015387,            0.087345,            0.000562,            0.000562,            0.000562
                 288,            0.042224,            0.015324,            0.026489,             0.37981,            0.090673,            0.078843,            0.048266,            0.063881,            0.015378,            0.087784,            0.000529,            0.000529,            0.000529
                 289,             0.04337,            0.014902,            0.026751,             0.30486,             0.11201,            0.079305,             0.04905,            0.063733,            0.015282,            0.088228,            0.000496,            0.000496,            0.000496
                 290,            0.042066,             0.01428,            0.026112,             0.30119,             0.11869,            0.078514,             0.04905,            0.063717,            0.015292,            0.088113,            0.000463,            0.000463,            0.000463
                 291,            0.043149,            0.014827,            0.026282,             0.30741,              0.1089,            0.080433,            0.052239,            0.063835,             0.01534,            0.087998,             0.00043,             0.00043,             0.00043
                 292,            0.041872,              0.0141,             0.02586,             0.36422,            0.080879,            0.076767,            0.050213,             0.06369,            0.015372,            0.088467,            0.000397,            0.000397,            0.000397
                 293,            0.041287,            0.014033,            0.027627,             0.38263,            0.082624,            0.080169,            0.050404,            0.063889,            0.015472,            0.088864,            0.000364,            0.000364,            0.000364
                 294,            0.043477,            0.015777,             0.02553,             0.36934,            0.081386,            0.078504,            0.049192,            0.063891,            0.015509,            0.088835,            0.000331,            0.000331,            0.000331
                 295,              0.0415,            0.014708,            0.024923,             0.32897,            0.091092,            0.084738,            0.053472,             0.06391,            0.015459,            0.088346,            0.000298,            0.000298,            0.000298
                 296,            0.041179,            0.014903,            0.025893,             0.27351,             0.15695,            0.087644,            0.055758,            0.063834,            0.015512,            0.088465,            0.000265,            0.000265,            0.000265
                 297,            0.041889,            0.015171,            0.026013,             0.32729,             0.11872,            0.085208,            0.055171,            0.063889,            0.015471,            0.088116,            0.000232,            0.000232,            0.000232
                 298,            0.041927,            0.014737,            0.026347,             0.32625,             0.11433,            0.083043,            0.053165,            0.063842,            0.015452,             0.08805,            0.000199,            0.000199,            0.000199
                 299,            0.040874,             0.01462,            0.025826,             0.29939,             0.12414,            0.081328,            0.050513,            0.063815,            0.015423,            0.088069,            0.000166,            0.000166,            0.000166
